ID,credit_risk
1220,0
29945,0
15469,0
25138,0
24918,0
18915,0
16735,1
6258,0
9405,0
28948,0
2672,0
30774,0
20118,0
9202,0
6254,1
13715,0
26688,0
3990,0
14778,0
5947,0
9524,0
7025,0
22597,0
983,0
1732,1
29021,0
16167,1
32102,0
17347,0
23091,1
9685,0
21553,0
29078,1
16426,0
7036,0
24856,0
7047,0
3720,0
26319,0
27373,0
9961,0
29872,0
7882,1
3876,1
19415,0
14326,0
19644,1
6194,1
17392,0
19830,0
12577,0
13855,0
30116,0
23272,0
26008,0
18128,1
25790,0
20441,0
31033,0
32515,0
15126,0
19518,0
5392,0
168,0
14429,1
16261,1
6877,0
7686,0
2903,0
27650,0
23945,0
26371,0
26944,0
11186,0
31184,0
16734,0
9519,1
3881,0
5795,0
9647,0
13027,0
10903,0
18733,1
16733,1
15885,0
5833,1
26213,0
17187,0
17275,0
9894,0
20231,1
17354,0
28433,0
28986,0
29980,0
28632,0
26318,0
2309,1
25360,0
26427,0
20455,0
10711,0
23510,0
15025,1
1390,0
2613,1
12988,0
3600,0
27042,0
4288,1
21789,0
31706,0
21651,0
12111,1
8688,0
4412,1
10607,0
24594,1
21805,0
24173,0
11365,0
16789,0
27550,0
24558,0
25769,0
7404,0
17783,0
32188,0
9998,0
32240,0
6041,0
28297,0
18215,0
27266,0
22324,0
25432,0
14314,1
15653,0
28370,0
28896,0
12705,0
31132,0
8205,1
29922,0
27277,0
701,0
751,0
17165,0
30471,0
17670,0
27012,0
1796,0
9054,0
19346,0
8138,0
16052,0
2851,0
11909,0
21046,0
28880,0
26901,0
21769,0
19077,0
10351,0
9573,0
8740,0
11226,0
27813,0
7908,0
5422,0
10508,0
17063,0
13219,0
3662,0
24977,0
19268,0
21750,0
1678,0
30078,0
21039,1
22313,0
22377,0
2601,0
32335,0
7466,0
31432,0
16293,0
16940,0
3525,0
15432,0
15573,0
5351,0
1164,0
9778,0
1313,0
11502,0
6510,1
13432,0
12972,1
8046,0
13455,0
5616,0
13110,0
11314,0
5952,0
23337,1
22702,0
31725,0
16757,0
10572,0
31840,0
26244,0
21445,0
29575,0
21727,0
8542,1
32534,0
1230,1
1993,1
21918,1
14541,0
11448,0
6395,0
15178,0
28377,0
5103,0
11523,0
28730,0
2780,0
8820,0
26329,1
25530,1
23622,0
11475,0
5766,0
31729,1
3895,0
31794,0
4749,0
10278,0
30043,0
14779,1
14681,0
22721,1
18080,1
16528,0
29908,1
18761,0
119,0
1296,0
13068,0
27381,0
28740,0
20610,0
17109,0
21101,0
8703,0
26885,0
22074,1
12776,0
4410,1
20609,1
26270,0
19552,0
23268,0
32483,0
4925,0
26267,0
19662,0
12610,0
13868,1
9726,1
3918,0
12666,0
32284,1
19974,0
10307,0
16524,0
11471,0
21258,1
15042,1
8813,0
2149,0
13879,1
13694,0
19981,0
4029,0
6539,0
5239,0
21653,0
14384,0
8581,0
20336,1
28395,0
10778,0
27172,1
13409,0
27986,0
11066,0
8802,0
9224,0
10128,1
25695,1
8074,1
535,0
5393,0
4268,0
15154,0
7388,1
19965,0
8014,0
13732,0
3989,0
20696,1
10837,0
18849,0
30188,0
14589,0
9801,0
7453,0
10336,0
23819,0
6328,0
8695,0
15151,0
8468,0
3870,0
27479,0
18397,1
25039,0
29426,0
27215,0
27964,0
11366,0
27612,0
26960,0
10179,1
6406,0
8881,0
29116,0
14566,0
6229,0
8696,0
32219,0
13667,1
16088,0
2783,0
24533,0
1533,0
9540,0
22524,1
8320,0
22210,0
12232,0
16352,1
16816,0
19607,0
30546,0
30625,0
22019,1
13956,0
11598,0
21889,1
940,0
5482,0
21965,0
25825,1
5071,0
15501,0
1286,0
12195,0
9156,1
26988,0
19918,0
6901,0
5775,0
16682,0
21317,0
10476,0
30333,0
24795,0
29576,0
4881,0
12325,1
17871,1
21233,0
9024,0
7227,0
10405,0
4044,0
1181,1
3858,0
14460,0
12862,0
5370,1
32068,0
28136,0
30752,0
28405,0
24911,0
3235,0
21819,0
9414,0
20120,0
316,0
23738,0
18632,0
23559,0
29365,1
16942,0
22276,0
9929,0
12430,0
30414,0
28761,0
19612,0
18512,0
6664,0
18386,0
32210,0
15439,0
21856,0
25252,0
21073,0
12254,0
7996,0
298,0
11299,0
29200,0
27564,0
15526,0
2979,0
31961,0
15722,0
13476,0
16105,1
23838,1
12836,0
20514,0
13444,0
30851,1
13786,0
13593,0
4935,0
31394,1
17744,0
28511,0
14420,0
26872,0
4819,0
31722,0
22636,1
15658,1
4624,0
25256,0
22271,0
7478,1
1362,0
9500,0
28630,0
23372,0
18601,0
23776,0
30109,0
1428,0
23513,0
27500,1
7485,0
20544,0
2429,0
23383,0
20538,0
18434,1
21759,0
23885,0
9709,0
24219,0
15826,0
4121,0
14571,1
3391,0
12913,0
20520,0
22275,1
3279,0
26118,0
11319,0
27749,0
27755,0
32009,0
11699,0
11789,0
30898,0
5209,0
21524,0
29185,0
32118,0
6276,0
31811,0
26033,0
13148,0
22624,0
14432,0
20714,0
18008,0
25034,1
30100,0
21778,1
25602,0
14439,0
3230,0
28554,0
21431,0
3775,0
23506,1
23814,1
14390,0
18815,0
4528,0
13080,0
24538,0
25620,0
20654,0
7596,0
3455,1
13552,0
18964,0
15737,0
24366,0
29976,1
5785,0
11991,1
9498,1
31892,0
11374,0
12884,0
22292,0
7400,0
21519,0
16654,0
11352,0
17446,0
8049,0
16503,0
10273,0
17760,1
16386,0
3508,0
16415,0
21323,0
9364,0
2226,1
2240,0
6445,0
14054,0
8283,0
25092,0
22634,1
15361,0
4347,0
1297,0
9720,0
11446,0
9181,0
4357,0
26330,0
22485,0
26959,0
24418,1
23927,0
22357,0
9809,0
14786,0
25728,0
21434,0
7167,0
20426,1
17250,0
7017,0
22829,0
19705,0
27876,1
31413,0
30293,0
5822,0
9045,0
18402,0
22751,0
23498,0
3964,0
7444,1
29666,0
22106,0
13018,0
12339,0
25318,0
20935,0
13017,0
13910,0
18644,0
21541,0
26545,0
1176,0
29957,0
30531,1
32550,0
26902,0
32152,0
27497,1
13927,0
673,0
32224,0
23105,0
8959,0
999,0
2327,0
13718,0
10264,0
24610,1
13284,1
29117,0
25129,1
4653,0
22981,0
31837,0
14342,0
19237,0
14020,1
4778,0
26735,0
21309,0
27867,0
18759,0
4838,0
1868,0
6667,0
31492,0
31130,0
25014,0
19062,0
22507,0
9430,0
28427,0
29703,0
27875,0
18257,1
1912,0
20846,1
27309,0
25954,0
21806,0
24781,0
20961,0
17665,0
20487,0
6145,0
7880,0
26649,0
2186,0
484,0
25241,0
26572,1
31521,0
31524,1
23406,0
8297,0
26346,1
22859,0
23981,0
8111,0
12078,0
8011,0
26503,0
8506,0
25137,1
13602,0
24027,1
28847,0
340,0
7968,0
21398,0
16368,0
12550,0
30584,0
3991,0
23440,0
15924,0
12218,0
25001,0
31178,0
9467,0
18474,0
9976,0
19099,0
12018,0
2176,0
27472,0
5585,0
11585,0
26065,0
19696,0
3439,0
5022,0
4468,0
16196,0
5813,0
7587,0
29128,1
28832,1
16300,0
16630,0
6398,0
17091,0
25275,1
31523,0
17199,0
11415,1
2209,0
9572,0
3549,0
30739,1
17180,0
11748,1
11864,0
12977,0
21337,0
25859,0
3481,0
25572,0
760,1
26306,0
15456,0
2673,0
14267,0
3601,0
14841,0
951,0
28456,0
6463,0
11280,0
14275,0
21718,0
17573,0
8057,0
15791,0
17797,0
29941,1
3102,0
18153,0
13920,0
19962,0
16897,0
219,0
25847,0
25391,1
14585,1
21757,0
12508,0
15234,1
28098,0
32200,0
31508,1
7292,0
17974,0
1970,0
6055,0
26105,1
19505,0
23906,0
27648,0
8759,1
30556,0
28796,1
22282,0
12567,0
7834,0
5044,0
23354,0
27155,0
14029,0
32454,0
29066,0
2671,0
17082,0
6162,0
23388,0
9386,0
17372,1
20554,0
4317,0
16598,0
10208,0
10087,0
24635,0
11046,0
19908,0
21924,0
13727,0
10600,0
20668,0
4248,0
7071,0
4861,0
16139,0
28922,1
21577,0
12147,0
4800,0
32468,0
29436,0
31247,0
17451,1
10518,0
21952,0
4162,0
12067,0
25476,0
10028,1
13909,0
28538,0
1351,0
17569,0
21311,0
7517,0
4976,0
5620,0
16447,0
12541,0
24817,0
26095,0
29845,0
423,0
18820,0
4756,0
17261,0
27491,0
11722,0
26046,0
16265,0
30698,1
32066,0
2640,0
402,0
20614,0
27902,0
26983,0
16910,0
23704,0
16807,0
32427,1
198,0
20542,0
6669,0
22183,0
3679,0
20175,0
7563,0
24325,1
24737,0
3068,1
877,0
13649,0
11491,0
29586,0
22474,1
21065,0
20211,0
11997,0
12849,1
2755,0
3725,0
21347,0
27895,0
914,0
5608,0
12512,1
17311,0
14862,0
15256,1
17563,0
19642,0
17467,0
9048,0
4997,0
11900,1
23843,0
13316,0
8884,0
23864,0
31038,1
5572,0
1204,1
29315,0
27325,0
23297,0
26170,1
15707,1
3691,1
25377,0
29137,0
18965,0
51,0
17143,0
14305,0
16685,1
30716,0
7661,0
10867,0
5289,0
18136,0
15421,0
32329,1
30985,0
9850,0
27459,1
23136,0
8146,0
8347,0
9599,0
7298,0
10046,0
15068,0
11968,1
14074,0
22973,0
6122,0
16887,0
10031,1
27699,0
7336,0
7918,0
17499,0
9250,0
31282,0
16441,0
25334,0
29219,0
26393,0
31169,0
30811,0
9601,0
28411,0
31737,0
12975,0
4416,0
11666,0
19378,0
24124,0
28934,0
12068,0
9808,0
24541,0
171,0
23645,0
7751,0
30545,0
29513,0
40,1
20597,0
2376,0
1891,0
17531,1
6140,0
24136,0
1002,1
5242,0
24876,0
29988,0
4219,0
4041,1
24829,1
25074,1
20843,1
21261,0
19303,1
11287,0
23524,1
16310,0
22202,1
9495,0
10169,0
8001,0
20915,0
29318,1
7247,1
9492,0
4993,0
13700,0
30424,0
11340,0
3661,0
27444,1
21566,0
1833,0
32143,0
26211,0
29411,0
32539,0
6251,0
28657,0
27124,1
22487,0
19926,0
11665,0
8909,0
15894,0
19675,0
30318,0
32456,0
5986,0
31772,1
30979,1
24580,0
361,0
29808,0
12957,1
5256,1
28443,0
12116,0
21139,0
18899,0
29143,1
4790,0
32215,0
2963,0
15189,0
31937,0
8290,1
24125,0
1705,0
20829,0
23769,0
26339,0
5839,0
31828,1
31198,0
13107,0
17088,0
30765,0
18583,0
19464,1
25440,0
9691,1
23921,0
11998,0
13880,0
26810,0
31683,0
12203,1
26887,0
19509,0
13984,0
13988,0
6782,0
32503,0
13974,0
30000,1
9038,0
16145,0
9551,0
25528,1
15066,1
2748,0
27078,0
14218,0
176,0
26973,0
20485,0
17592,0
9006,1
28245,0
19738,0
30838,0
27002,0
23802,0
10811,0
20739,0
27036,0
3344,0
21666,0
12436,0
24808,0
61,0
7366,1
5688,0
12277,0
14860,0
11480,1
19777,1
31091,0
2326,0
7613,0
9381,0
1317,0
5043,0
7683,0
9964,0
25884,0
29262,0
23834,1
16476,0
24945,0
8254,0
29662,0
15768,0
9997,0
16046,0
11153,0
7412,0
3126,1
3058,0
411,0
9749,0
894,0
31470,0
3790,0
4656,0
1535,0
20895,0
29869,0
16040,0
26303,0
5883,0
13024,0
372,0
24044,0
14050,0
24845,0
16323,1
17651,0
12267,1
1446,0
7258,0
16488,0
6864,0
15129,0
4543,0
10499,0
16512,0
30895,0
8694,0
14388,0
23925,0
26538,1
20373,0
13654,0
29865,0
24172,0
28226,0
5716,0
17033,0
18658,1
17588,0
1383,1
21298,0
2443,0
28051,0
10538,0
20535,0
25549,0
7881,0
5991,0
6105,0
31472,0
17839,0
28910,0
12554,0
29225,0
30222,0
28530,0
24353,0
23697,0
25293,0
23555,0
18207,1
287,0
23898,0
12907,0
28130,0
16711,0
28065,0
7961,0
15725,1
31917,0
19118,0
24304,0
27333,1
10835,0
3180,0
32368,0
8153,0
27337,0
19439,0
27871,1
20850,0
5138,0
15632,0
3233,0
30446,0
11962,0
13154,0
28906,0
27795,0
24488,1
5558,1
24060,0
22777,0
14627,0
15482,0
1683,0
4092,1
32014,1
15627,0
26868,1
26093,0
1118,0
23070,0
3132,0
5736,0
10665,0
9182,0
26106,0
14329,0
18822,0
521,0
9889,0
20348,1
7365,0
13319,0
15748,1
27980,0
5381,0
20479,0
29890,0
9930,0
5654,0
5973,0
26031,0
30723,0
24305,1
10978,0
30822,0
946,0
12446,0
2491,0
11161,0
2884,1
6265,0
3727,0
15395,0
1657,0
18702,0
7305,0
32042,0
7286,0
28144,0
20687,0
19006,0
29417,0
26438,1
30691,0
18083,0
4885,1
13083,0
1695,0
1522,1
22580,0
8373,0
11254,0
7818,1
1275,0
29738,0
20674,0
22085,0
25777,1
8463,0
11064,0
7695,0
25028,0
7829,0
27570,0
18051,1
31522,1
45,0
18009,0
31645,0
21533,0
14914,0
7614,0
25982,0
11124,0
4401,0
26677,0
24903,0
20018,0
8439,1
28374,0
20622,0
20560,0
32038,0
2952,0
1239,0
24675,0
9552,0
23806,0
21739,0
18883,1
24557,0
27506,1
17319,1
6457,0
18390,0
15266,1
242,0
2586,1
10364,0
11210,0
9355,0
22531,1
4510,0
14104,0
26294,0
5285,0
28276,0
13916,0
30077,0
25147,0
6106,0
30953,0
28151,0
27286,1
22568,0
4085,0
26312,0
15783,0
13595,0
31653,0
30139,0
19744,0
3287,0
12921,0
30512,1
19954,0
11443,0
19111,0
11886,0
14919,0
5250,0
13627,0
20612,0
16606,0
1148,0
29966,0
19828,0
30593,0
9443,0
11031,0
32100,0
18769,0
9119,0
2777,0
26922,1
18961,1
27282,0
31895,0
11809,0
697,1
27866,1
20330,1
30155,0
26130,0
25382,0
25276,0
10281,0
1694,0
25703,0
19390,0
30849,0
31232,0
26482,0
24570,0
13253,0
11218,0
708,0
28082,0
27081,0
26896,0
873,0
26416,0
17965,0
11376,0
20821,1
763,0
27080,0
9875,0
7767,0
10522,0
32385,1
20706,0
10354,0
12423,1
25436,0
19040,0
13527,0
554,0
32506,0
19574,0
9050,0
14419,1
180,0
4721,0
12846,0
20897,0
20995,1
12772,0
14572,0
30803,0
18597,0
4498,0
12660,0
14792,0
25053,0
29450,0
32204,0
13093,0
3004,1
11187,0
27394,1
31390,1
13915,0
17034,0
6125,0
19202,0
17712,0
16477,0
25180,1
1546,0
10592,0
4214,0
29217,1
18204,0
15276,0
14576,1
23316,0
14055,0
643,0
25217,0
16568,1
11364,0
25045,1
4210,0
5430,0
16425,0
17891,0
14842,0
26515,0
8954,0
5542,0
10822,0
8214,1
20238,0
25246,0
24110,0
9917,0
13619,0
8017,0
6771,1
13437,1
2625,0
31602,0
10272,0
20268,0
16507,0
15127,0
15714,0
26951,0
10507,1
20903,0
9487,0
20802,0
8491,1
5698,0
8673,0
28920,0
13756,0
28436,0
15701,1
19102,0
7704,0
18877,0
2798,0
27505,1
27304,0
2635,0
645,0
17686,0
16424,0
16230,0
12460,0
24013,0
26537,0
10432,0
22741,0
2294,0
31579,0
28738,0
2408,0
4076,0
17720,0
9928,0
8649,1
3317,0
12376,1
24355,1
2695,0
15563,0
9504,1
17708,0
4026,0
7872,0
25257,1
19467,0
26399,0
13955,0
10277,0
29948,1
31384,0
14630,0
32428,1
8507,0
357,0
7673,0
7188,0
22780,0
8194,0
21614,0
7789,0
14960,1
12089,0
1162,0
1436,0
1579,0
18857,0
16584,0
1726,0
25380,0
10497,0
5908,0
11812,0
29860,0
13294,0
30268,0
15685,0
16471,0
8863,0
29125,0
15368,0
8770,0
5957,0
13889,0
27248,0
26051,1
24987,0
10959,0
6191,0
31473,1
22601,0
30132,0
32396,0
7931,0
1820,0
30425,0
26396,0
10844,0
19800,0
14404,0
28446,0
26109,0
22092,0
18898,0
20669,1
25009,0
1370,0
3277,0
12025,0
6204,0
28223,0
1000,0
9116,1
15473,0
16152,0
9463,0
21097,0
11222,0
21064,0
9611,0
2119,0
30296,0
26131,1
29581,0
15612,0
21159,0
15198,1
30415,0
11353,0
13191,0
16295,0
7215,0
1948,1
17901,1
28687,0
28547,0
7280,0
28865,0
10064,0
12596,0
8678,1
30432,0
16977,0
19493,0
684,0
15551,0
30033,0
14462,0
30921,0
21140,0
2830,0
15052,0
17820,0
22112,1
1076,0
2731,0
9568,0
31935,0
29491,0
32177,0
31864,0
998,0
13820,0
23985,0
1984,1
20279,0
5903,0
3118,1
8636,0
14278,0
14138,0
28286,0
23126,0
28652,0
28580,0
22091,0
546,0
10253,0
23519,0
10705,0
17300,0
29494,0
4398,1
12474,0
29495,0
8610,0
4264,1
5726,0
10796,0
11763,0
23943,0
14543,0
3475,1
11691,0
23813,0
8724,1
18563,0
3028,0
300,0
25047,0
5180,1
1553,0
8989,0
22422,0
12598,0
25402,0
31279,0
27914,0
27165,0
5485,0
30792,0
22709,1
12851,0
20093,0
23302,0
1644,0
2319,0
23096,0
31152,0
25260,0
9693,0
13031,0
18950,0
21658,0
17139,1
10396,0
25032,0
28419,0
8871,0
15922,0
12073,0
18452,0
10262,0
24838,0
29330,0
32043,0
21631,1
7150,0
31719,1
24206,0
11137,1
20488,1
18798,0
24267,0
8105,0
14459,0
6822,1
29393,0
3360,0
23750,0
23190,0
14822,0
3236,0
21103,0
7722,0
1914,1
9707,0
25515,0
30964,0
27780,0
12866,0
24037,1
9756,0
9285,1
12321,0
23206,0
29667,0
17663,0
12672,0
17759,0
26077,1
31106,0
21239,0
27195,0
26081,1
30794,0
7387,0
10521,0
15498,0
24165,0
28026,0
3310,0
2604,0
32482,0
5505,1
4701,1
16655,0
4158,0
4926,0
32556,0
25317,0
6672,1
13775,0
21898,1
19894,0
26739,0
15744,1
20558,0
22701,0
18441,0
6344,0
15281,0
1193,1
31319,0
8586,1
6013,0
6460,1
7239,1
28498,1
8479,0
11557,0
3663,0
23512,1
12387,0
5502,0
21815,0
846,0
10079,1
21774,0
13490,1
29044,0
21024,0
29371,0
27265,0
6663,0
32388,1
31227,0
17595,0
3466,0
22095,0
14430,0
22683,0
27632,0
16444,0
2765,0
11576,0
5148,1
19160,0
29509,0
20894,0
14213,0
32052,0
13526,0
8946,0
2895,0
8705,0
1172,0
12466,0
25601,0
1491,0
23654,0
18241,0
31331,0
22407,0
31876,0
30642,0
1123,1
24577,0
6891,0
4807,0
9644,0
23172,0
2352,0
12669,0
32315,0
29768,0
29048,1
14763,0
22201,1
25237,0
22151,0
12695,0
5111,0
6131,0
12888,0
29146,0
14367,1
15149,0
20880,1
22406,0
4787,1
16279,0
17659,0
8560,0
8117,0
13019,1
2557,0
19976,0
29209,0
18213,0
5087,0
31474,1
18393,0
10713,1
935,0
15617,0
10782,0
1371,1
9415,0
26062,0
32267,0
26585,0
4456,0
16663,0
15704,0
16916,0
422,1
29555,1
14309,0
9411,0
24497,0
21867,0
8356,0
21617,0
7069,0
29820,1
17085,0
32411,0
22162,0
15478,0
24457,0
28036,0
17293,0
27681,0
28646,0
31754,0
24383,0
4795,0
30412,0
2602,1
31015,0
22137,1
12476,0
7801,0
25168,0
29135,0
13980,0
14912,0
25855,0
27249,0
28770,0
32252,0
24687,0
11787,0
7254,0
2898,0
14825,0
22395,1
15062,1
26456,0
22255,0
27757,1
18896,0
23716,1
12471,0
517,1
22050,0
17048,0
11261,0
27482,0
11015,0
10621,0
19423,0
16348,0
7489,0
20666,0
1023,0
28202,0
1934,0
20745,0
19212,0
26187,0
23966,0
7858,0
4592,1
6890,0
15385,0
14895,0
24082,0
14037,0
7873,0
16363,1
5522,0
28588,0
26945,0
5004,0
28759,0
17631,1
29982,0
13930,0
19286,0
28394,0
7787,0
10261,0
27968,0
2238,0
7301,0
2858,1
9959,0
15946,0
22573,0
17303,0
9165,1
16355,0
29956,0
911,0
20388,1
20787,0
3502,0
2565,0
28724,0
6785,0
23113,0
31893,1
5523,0
10952,0
1554,0
12896,1
192,0
23123,0
17561,1
2944,0
15843,1
2481,0
30130,0
14033,1
26815,1
2411,1
22219,0
5711,0
26111,0
8411,0
18796,0
24428,0
2102,1
2427,0
18125,0
7207,0
9993,0
17477,0
28792,0
27788,0
21027,0
2266,0
26541,0
27221,1
31632,0
15889,0
29498,0
3996,0
29742,0
22791,0
26756,0
19712,1
15665,1
20701,1
29746,0
31777,0
17350,0
12049,0
28788,0
15157,0
13610,0
1435,0
4173,0
21668,0
14948,0
19153,1
11616,0
14784,0
21224,0
9296,0
20152,0
4605,0
23529,0
8659,1
4651,1
22002,0
3333,0
19912,1
5383,0
2022,1
11168,0
25006,0
22129,0
18491,0
27685,0
26442,0
5354,0
23127,1
21571,1
24897,0
7808,0
6558,1
4530,0
9481,0
29537,1
12478,0
3656,0
29042,1
18298,0
11530,1
26992,0
13802,0
2960,0
11978,0
9166,0
31749,1
30105,0
10875,0
2260,0
19490,1
25876,0
17132,0
8557,0
30554,0
4380,0
15504,0
30573,0
7690,0
13402,0
9682,0
25198,0
18316,1
7760,0
5782,1
27365,0
27371,1
18476,1
30841,1
21714,0
9009,1
19716,1
22672,0
27388,0
15688,0
6291,0
24062,1
23361,0
18189,0
21827,0
4848,0
14905,0
17593,0
27148,0
200,0
3700,1
28810,0
28651,1
145,0
3931,0
2444,0
27367,0
31203,0
11907,0
31164,0
2871,1
17240,0
20361,0
29424,0
6544,0
27618,0
22175,0
30940,0
20664,0
17428,1
23779,0
27563,0
23147,0
31891,0
11483,0
25654,0
26997,0
16259,0
22846,0
17464,0
31897,0
8837,0
8038,0
27884,0
22215,0
6003,0
28206,0
11200,0
28583,0
18825,0
20478,0
28862,1
2627,0
4285,0
16144,0
28912,0
22874,0
17791,0
8533,1
22696,0
29447,1
25278,1
26295,1
27302,0
25107,0
19203,0
18197,0
6326,0
31538,0
25977,1
22398,0
24072,0
15499,0
20794,0
8352,1
20860,0
29973,0
18246,0
28483,0
23646,0
7610,0
9123,0
22960,0
32016,0
20444,1
31071,0
27157,0
22226,0
15541,1
28388,0
10452,0
16465,0
8391,0
20792,0
2125,1
32341,0
5282,1
9781,0
1569,0
20486,0
27814,1
4662,0
8157,0
13367,0
22801,0
23922,0
4573,0
486,0
19708,1
10935,0
26686,0
893,0
31548,0
29273,0
15893,0
9479,0
15264,0
22901,1
12404,1
18081,0
31451,0
10207,0
20044,0
5002,0
4948,0
10581,0
5730,0
18713,1
31066,0
31325,0
20084,0
8358,1
21875,0
14927,0
18869,1
15458,0
11905,0
31552,0
4593,0
25921,0
2749,0
11510,0
10986,0
2929,0
1154,0
8869,0
19978,1
7449,0
22840,0
30646,0
25182,0
20385,0
28686,0
7027,0
32523,0
16764,0
12722,0
9751,0
5115,0
22478,0
26053,0
17865,0
2107,0
5258,0
30798,0
7470,1
420,0
12245,0
13485,0
4920,0
20256,1
14174,0
13660,0
5721,0
6482,1
14493,1
3908,0
7528,0
962,1
26195,1
6996,0
30253,0
24534,0
8107,0
28808,0
12947,0
15822,0
17417,0
11293,0
11065,1
17679,0
14837,0
4606,0
11769,0
13286,0
29641,0
449,0
21147,0
1648,0
16189,0
1784,0
17059,1
29392,0
3220,0
12978,0
29522,0
21695,0
13059,0
6610,0
262,0
455,0
19070,0
5341,0
13906,0
3238,0
11736,0
7811,0
10242,0
32339,0
19394,0
23351,0
17146,0
22710,0
18456,0
11344,0
15192,0
13509,0
32508,0
2250,1
32217,1
22861,0
6978,0
23152,0
25254,0
13198,0
19594,0
27387,0
24308,0
585,0
7361,0
24632,1
30829,0
5990,0
1817,1
981,0
8738,0
21866,0
5804,1
22217,0
26824,0
35,0
1342,0
116,0
8191,0
13425,0
17159,0
12051,0
30179,0
17077,0
15916,1
20073,0
13954,0
20950,1
17959,0
16408,0
8928,0
15228,1
6413,0
1410,1
27238,0
9458,0
29332,0
28791,0
17681,0
172,1
28892,0
12659,0
32183,0
7050,0
32261,0
170,0
24881,0
17798,0
10556,0
29745,0
12710,1
18325,0
17774,0
4628,0
13397,0
20929,0
1663,0
2031,0
5168,0
12148,0
21132,1
8522,0
15608,0
30465,0
28552,0
4273,0
7459,1
9281,1
31810,0
15409,0
7981,0
14,0
19489,0
1697,0
8034,0
28312,0
21166,0
31501,0
955,0
28187,0
13785,0
10881,1
23963,0
30875,0
23870,0
4754,0
15777,0
26279,0
14586,0
7129,0
15581,0
15535,0
3275,0
11654,0
9122,0
1826,0
17919,0
29351,1
17554,0
28954,0
21491,0
23188,0
5158,0
15776,0
22815,0
13222,1
7537,0
29898,0
15577,0
5791,0
17741,0
99,0
20232,0
7261,0
11538,0
6685,0
1829,0
9249,0
8448,0
18178,0
32041,1
10289,0
3320,0
6834,0
11868,0
7547,0
19527,0
9629,0
5187,0
26716,0
30169,0
18996,0
13196,0
337,0
11821,0
4545,0
13378,0
3276,0
7923,0
20873,0
21790,0
22697,0
25251,0
9371,0
26422,0
32473,0
24561,0
669,0
28778,1
8492,0
29208,0
29868,0
4263,0
25588,0
31759,0
25289,1
23050,0
20891,0
6648,0
11564,0
26522,0
2103,1
13167,0
27357,0
6477,0
18521,1
28999,0
12444,0
10906,0
18929,0
24198,0
10477,0
26741,0
12791,0
29848,0
16166,0
22581,0
8175,0
27040,0
23131,1
2274,0
7502,0
25670,0
20742,0
19017,0
8746,0
19920,1
2567,1
23274,0
30308,0
7860,0
25941,0
27189,0
29732,0
3794,0
31756,0
10840,0
23671,0
28815,0
18800,0
12712,1
15903,0
3933,0
2210,1
13680,0
24064,0
1706,1
16013,0
4062,0
25990,0
10551,0
22911,1
1266,1
8393,0
23039,0
10774,1
6377,0
21249,0
985,0
18446,1
29784,0
12135,0
1715,0
15512,0
24467,0
5281,0
15874,0
2461,0
24460,0
6906,0
17763,0
21760,0
12388,0
29423,1
18468,0
9681,1
5605,0
5975,0
9768,0
11855,0
29397,0
21951,0
13401,0
13833,1
29050,0
20567,0
8253,0
28859,0
1758,0
5489,1
19002,0
23021,0
9219,0
4869,0
11798,0
6209,0
13377,0
24649,0
28802,1
20278,0
19105,0
14001,0
20349,0
27786,0
11247,0
21781,0
467,0
13614,0
25116,0
20823,0
13769,0
349,1
668,1
20115,0
5054,1
14959,0
11972,0
24860,0
22114,0
12745,0
5626,0
13040,1
21592,0
21704,0
30527,0
14728,0
19231,0
28322,0
13268,0
13346,0
17906,0
18199,0
22299,0
9212,0
7465,0
19491,0
26000,0
4126,0
3939,0
28289,1
23157,0
1192,0
2109,0
23897,0
27213,0
5597,0
10024,0
13706,0
4940,0
6382,0
15455,0
14340,0
4220,0
21156,0
5926,0
12653,0
7019,0
14853,0
24648,0
25972,0
148,0
14161,0
9440,0
15309,0
2077,0
25697,0
10594,0
15098,0
14559,0
9226,0
28681,0
593,0
5121,0
28021,1
11884,1
28978,0
22712,0
7632,0
17682,0
866,0
16270,1
27125,0
8865,0
20793,1
18340,0
17835,0
26749,0
10220,1
9382,0
5819,0
14306,0
6402,0
15787,0
21565,0
28201,1
17221,0
559,0
25970,0
1262,1
32480,0
24764,0
10425,0
15022,0
23373,0
11341,1
25930,0
25544,0
17388,0
23972,0
25633,1
12697,0
22935,0
12138,0
20768,1
4627,0
31180,0
452,0
653,0
15657,0
26829,0
28635,0
30552,1
13217,0
2828,0
7182,0
25176,0
6868,0
23844,0
10975,1
7841,0
4033,0
25551,0
4312,0
23740,1
12275,0
31709,1
15384,0
28157,0
28179,1
6703,0
4133,0
18348,0
32136,1
10612,0
21488,0
20600,1
4460,0
5045,0
29529,1
11264,0
21711,0
18168,1
12785,0
8629,0
2540,0
2108,1
21674,0
26890,0
4313,0
20128,0
29873,0
15302,0
19565,0
30567,0
26798,0
12211,0
26776,0
15160,1
29287,0
7086,0
8784,0
16996,0
3534,0
7680,0
23189,0
17024,0
16850,0
25453,0
29313,0
1456,1
21464,0
10298,0
26529,0
12928,0
13634,0
32326,0
7270,0
12258,0
27429,0
3386,1
13473,0
21223,0
23549,0
30639,0
12708,0
22635,0
16667,0
6568,0
1822,0
18163,0
25344,0
15788,0
13664,1
19749,1
21926,0
20572,0
7079,0
22929,0
26504,1
17389,0
14715,1
23900,0
22389,0
561,0
22055,0
23425,0
10295,1
29088,0
8278,0
9432,0
1665,0
6211,0
30913,1
9736,0
20602,0
31219,0
10382,0
25998,0
3082,0
13537,0
23643,0
3074,0
25660,0
28553,0
7424,1
7498,0
20796,0
4712,0
4821,0
12737,0
20783,0
26327,0
25249,1
1902,0
19910,0
12962,0
10638,0
1267,1
14453,0
7102,0
27321,0
9727,0
3574,0
21552,0
27399,0
29253,0
18400,0
9858,0
1448,0
8015,0
15578,0
20541,0
18599,0
10697,0
24025,0
18807,0
28885,0
2722,0
4908,1
536,0
19275,0
4334,0
8056,0
655,0
13542,1
19990,0
26802,1
29160,0
3374,1
6137,0
20367,0
11957,0
8368,0
5802,0
2885,0
29212,1
25976,0
10960,0
18050,0
19789,0
25763,0
29822,0
9020,0
8422,0
2173,0
14047,0
17478,0
16891,0
8781,0
19210,0
25499,0
29104,0
16242,0
21801,0
27264,0
27850,0
4789,0
21802,0
24628,0
3314,0
707,0
16251,0
27811,1
4500,0
1026,1
25397,0
3204,0
12282,0
32531,0
25567,0
13342,1
7942,0
5652,1
19520,0
30965,0
30084,0
29831,0
21349,0
17323,0
20280,0
10070,0
12355,0
1210,0
1191,0
1065,1
30087,0
12696,0
16118,0
10673,0
23659,0
23075,1
13337,0
12251,0
1141,0
3066,0
7048,0
6662,0
18373,0
23562,0
26730,1
20090,0
23534,0
13307,0
14595,0
5210,0
18933,0
5844,0
1241,1
28104,1
3160,0
32458,0
4968,0
9315,0
29025,0
15249,0
20151,1
13858,0
27240,0
32399,0
23014,0
31031,0
6551,0
29843,0
7592,0
28814,0
25866,0
9204,0
2923,0
7868,0
15973,0
2650,0
20580,1
15321,0
5537,0
1565,0
27512,1
15856,0
6037,0
9737,0
21030,0
31157,0
18858,0
26086,0
28209,0
28430,1
21719,0
19010,0
574,0
23319,1
23865,0
22417,0
2404,1
20864,1
6483,0
27141,0
16179,0
32277,0
30647,0
7177,0
2248,0
11865,0
4910,1
12238,0
4846,1
14875,0
1341,0
1693,0
8490,0
24947,0
18714,1
20240,0
9359,0
31693,1
1743,0
29032,0
5506,0
3130,0
9387,0
5487,1
16343,0
11170,0
22310,0
7435,0
6488,0
18370,0
3414,0
18275,1
5545,0
7990,0
19564,0
2134,0
20984,0
20132,0
16786,0
4160,0
28100,0
4138,0
3213,0
909,0
29646,0
5173,1
7394,0
18317,0
29944,0
9019,0
14409,0
26272,0
30905,0
30911,0
19740,0
15829,0
2785,1
24052,1
9662,0
23890,0
3706,1
31170,0
498,0
30806,0
13306,0
8847,0
14496,0
29931,0
6728,0
8446,0
13794,0
13043,0
29131,0
31964,1
24487,0
15218,0
23242,0
32474,0
13494,0
14848,0
19408,0
8793,0
2263,0
11977,0
5893,0
22566,0
5826,0
18193,1
9398,1
19950,0
18450,0
25611,0
5612,0
24542,0
31656,0
4435,0
32394,1
4770,1
15364,0
12967,0
13922,0
11333,0
30780,0
4761,0
25524,0
7777,0
2786,0
21179,0
19458,0
29461,0
22671,0
18724,0
15752,0
8096,0
10007,0
13896,1
22323,0
13082,0
12250,0
19869,0
19201,0
13259,0
30006,0
14613,0
8924,0
27274,1
16398,1
13352,0
26987,0
8818,0
15272,0
3394,0
13100,0
23464,0
19430,0
10112,0
31582,0
15721,0
8981,0
17131,0
27293,0
22747,0
4007,0
6210,0
555,1
24637,0
16846,0
27963,1
23859,0
20453,0
20583,0
30683,0
13442,0
14296,0
25104,0
1518,0
7492,0
15046,0
68,0
18130,0
24782,0
7725,1
31594,0
20314,0
31598,0
24901,1
1604,0
15741,1
7655,0
17937,0
29353,0
27862,0
1124,0
3958,0
20931,0
23114,0
24114,0
11876,0
29762,0
10384,0
16030,0
10674,0
13604,0
20218,0
16333,0
15280,0
23390,0
18747,0
5222,1
20884,1
7044,1
26565,0
22087,0
8233,0
26418,0
16677,0
4646,1
7507,0
23266,0
22043,0
12422,0
1886,0
16509,0
19997,0
13205,0
3116,0
15560,0
22056,0
21675,0
6976,0
6627,1
10258,0
29998,0
3544,0
22858,0
31838,0
24224,1
30444,0
31369,0
25772,0
25111,0
20604,0
12829,0
18573,0
18619,0
78,0
583,1
27700,0
3887,0
25095,0
14753,0
5916,0
13579,0
7253,0
21300,0
30955,0
23171,0
8202,0
2371,0
24347,0
4328,0
2552,1
31858,0
7396,0
23746,0
28803,0
24801,0
2693,0
28180,1
3222,0
22009,0
7330,0
23035,0
14077,0
27091,0
29861,0
9297,0
14090,0
4095,0
18239,0
6860,1
10630,0
12000,0
19804,1
14797,0
11608,0
24200,0
28894,1
16744,0
21342,1
8249,1
15801,1
7589,1
20587,0
25623,0
2920,0
1161,0
12150,0
21874,0
27098,0
31796,0
8547,0
16381,0
6303,0
2252,0
24831,0
3463,0
25708,0
29283,0
28941,0
14350,0
26764,1
6692,0
25933,0
10826,0
16277,0
21061,0
31601,1
25100,0
22117,0
16235,1
23923,0
11843,1
25613,0
13550,0
28749,0
30550,0
7274,1
10585,0
1745,0
16075,0
6078,0
16173,0
31043,0
16390,0
12124,0
24059,0
14657,0
11801,0
3842,0
5302,0
25709,0
31913,0
27431,1
18594,0
13943,0
15359,0
32135,0
22673,0
8528,0
15544,0
24081,0
10104,0
24109,0
12032,0
16376,0
21368,0
22288,1
27150,0
32392,1
14878,1
19119,0
30758,0
23012,0
28215,1
5317,0
29584,0
15905,0
28472,0
9963,0
31238,1
523,0
25172,1
19937,0
3261,0
7268,0
9211,0
31761,1
15398,0
7438,0
17637,1
21755,0
7235,0
24514,0
31929,0
15265,0
3032,0
5143,0
24023,0
3262,1
18577,0
30027,1
25031,0
31822,0
29259,0
17381,0
1418,0
17175,0
4275,0
29649,0
3094,0
24935,1
7913,0
28029,1
13129,0
10736,0
26037,0
25504,1
6234,0
7491,0
22334,0
13635,0
11392,1
20005,0
2805,0
31187,0
26350,1
641,0
16804,0
22264,0
25002,0
14668,0
9810,0
30445,1
26402,1
22515,0
28315,0
26866,0
3284,0
4292,0
19672,0
22754,1
13692,0
22977,0
28323,0
9089,0
4005,0
14297,0
27590,0
26865,0
5274,0
5420,0
29382,0
2882,0
6304,0
19553,1
24257,0
31785,0
27634,1
5776,0
5904,0
24500,0
26743,0
19911,0
21256,0
4365,0
8756,0
32170,0
15097,0
2087,0
12527,0
12381,0
10443,0
7093,0
23341,0
2717,0
19849,0
30772,0
18579,0
22932,0
29218,0
18648,0
226,0
17336,0
14113,0
6876,0
6862,1
9445,0
19482,1
15527,0
20004,0
20230,0
6434,0
26092,0
63,0
17098,0
30276,1
12390,0
14979,0
3913,0
26491,0
22967,0
24988,1
17065,0
8979,0
1622,0
675,0
6774,0
13685,0
23683,0
28023,0
14250,0
26201,0
7010,0
30682,0
22972,0
23982,0
4941,0
3217,0
10213,0
8495,0
15005,0
16112,1
13376,1
24187,0
27419,0
13643,1
27021,0
18764,0
21677,1
10516,0
16966,0
32248,0
14232,0
838,0
8680,0
1848,0
29471,0
8140,0
27410,1
14575,0
25136,0
22401,0
29515,0
15248,0
346,0
1208,0
25258,0
10075,0
23283,0
7806,0
16647,0
29427,0
9754,0
9380,0
15205,1
30167,0
12058,1
2486,1
20692,1
8945,1
11375,1
18287,0
19352,0
3302,0
21737,0
22632,0
30034,0
16828,0
17931,0
22450,0
18359,0
20574,0
9619,1
8874,1
18580,1
29184,0
29707,0
19213,0
14902,0
14555,0
16127,0
10290,0
17833,0
1338,1
27626,0
9866,0
6881,0
4784,0
1044,1
21331,0
1404,0
13570,0
17264,0
1493,0
3916,0
3789,0
7335,0
161,0
27703,0
2744,0
14337,0
23158,0
7830,0
1447,0
24227,0
28197,0
26734,0
31175,1
13623,0
16246,1
19631,0
17694,1
31120,1
28273,0
6657,0
13733,0
23205,0
27942,0
2117,0
27959,1
8850,0
9022,0
918,0
12513,0
1417,0
28692,1
27003,1
12646,0
30610,0
5039,0
16153,0
30762,1
20473,0
9865,0
4900,0
21680,0
26629,1
6312,0
31233,0
11420,0
15800,0
6643,0
13230,0
14731,0
2158,0
12589,1
737,1
14653,0
10144,0
5634,1
21953,1
19637,1
29950,0
26672,0
3035,0
18437,0
24167,1
10246,0
20149,0
2391,1
1858,0
20756,0
15039,0
21122,0
21189,0
16491,1
64,1
11533,0
4825,0
22134,1
3730,0
6653,0
9392,0
12294,0
1941,0
31957,0
8817,0
25431,0
27782,0
20208,0
31567,0
19966,0
26219,0
7971,0
23328,0
21784,0
32280,0
10099,0
31172,0
26107,0
12145,1
20242,0
3564,0
17150,0
13697,0
10876,0
9844,0
17162,1
991,0
16468,0
29803,1
18973,0
5650,0
15257,0
3646,0
13480,0
12569,0
15436,0
18855,1
32244,0
26439,1
9977,0
18103,0
4152,0
2515,0
16993,0
14489,0
25490,0
947,0
9605,1
5857,0
5169,0
19783,0
1440,0
30804,0
28622,0
25340,0
20306,0
25355,1
14804,0
31593,0
18349,0
9150,0
13508,1
6932,0
18757,0
31565,0
29390,0
30175,1
12679,0
14477,0
13382,0
818,0
26664,0
6776,0
4408,0
13847,0
221,0
5769,0
22893,0
12037,1
830,0
20288,0
1130,0
28195,0
24990,1
9606,0
21684,0
26757,0
7952,1
16658,0
31050,0
1047,0
3649,0
6151,0
23992,0
28470,0
18374,0
31128,0
22477,0
27689,0
5075,0
19670,0
32103,1
8595,0
17603,0
21112,0
30356,0
21624,0
28457,0
19138,0
19134,0
22528,0
21185,0
6069,0
5469,0
6668,0
25696,1
18717,1
26917,0
6847,0
1068,0
32420,0
10202,0
22319,0
5488,1
30108,0
9855,1
3241,0
17452,0
13248,0
28264,1
12808,0
26897,0
30799,0
20272,0
9225,0
12027,0
11745,0
5924,0
19194,1
4683,0
7607,0
8646,0
5015,0
13403,0
5847,0
20949,0
1780,0
21620,0
11758,0
11532,0
14315,0
25939,0
22181,1
17957,1
15043,1
12399,0
9140,0
14249,0
19844,0
15136,0
20592,0
20993,0
18878,0
27446,0
26022,1
4984,0
18350,0
5691,0
30677,0
28477,0
12548,0
15285,0
1574,0
23216,0
12309,0
11338,0
23493,0
14057,0
18030,1
14548,1
27865,0
12741,0
8093,0
9885,0
13932,1
13511,0
12939,0
14737,0
12865,1
3225,0
18417,0
21808,0
24148,0
12239,0
18477,0
11438,0
3954,0
15506,0
30966,0
26413,0
15599,0
22130,0
14801,0
9207,0
4307,0
30927,0
14639,0
31153,0
24067,0
23263,0
1566,0
26203,0
24231,0
29386,0
28300,0
4193,0
4623,0
16857,0
9429,0
20171,0
29757,0
8868,0
25910,0
19158,1
13617,0
8948,0
16936,0
19502,0
23918,1
514,0
31345,0
16919,0
7982,0
16172,0
27064,0
903,0
16452,0
1854,0
10256,0
19539,1
29465,0
25674,1
5423,0
10049,0
32031,0
18501,0
10251,1
7169,0
14284,0
7224,0
31255,0
5404,0
32071,1
15427,0
11879,0
13575,0
30131,0
31278,0
31933,0
30040,0
25868,1
1531,0
7074,0
17629,0
22020,0
13826,0
23490,0
23968,0
31396,0
30423,0
29779,0
31983,1
22197,1
4459,0
30696,0
685,0
17239,0
20347,0
8216,1
4145,1
27561,0
3285,0
24616,1
515,0
15842,0
18089,0
30030,0
10340,0
26197,0
23037,1
2854,0
12363,0
9522,0
23386,0
10754,1
19046,1
25131,0
2908,0
23682,0
605,0
31612,1
4089,0
23237,1
7693,0
21696,0
30914,0
25903,0
29497,0
30177,1
14611,0
10388,1
13338,1
10409,0
30194,0
11412,1
11268,0
23691,0
8607,0
1978,0
14724,0
23067,0
16752,0
14759,0
17188,0
22037,0
29871,0
10954,0
24864,0
5459,0
17476,0
8092,1
27513,0
12291,0
4775,0
23653,0
22168,0
20738,1
776,0
16608,0
21640,0
7302,1
19927,0
20476,0
8000,0
24960,0
30355,0
8838,0
1384,0
301,1
24551,0
20291,1
30490,0
11543,1
21736,1
30307,0
11894,0
23772,0
7186,0
21582,0
30198,0
13395,0
10188,0
1452,0
22881,0
12963,0
26840,0
17648,0
11674,0
6178,0
25814,1
429,0
17715,0
24359,0
24680,1
14973,0
11863,1
5927,0
16638,0
30582,0
24086,1
270,1
7346,0
2900,0
8767,1
22438,0
22558,0
31930,0
18868,0
13357,0
28,0
24912,0
17748,0
6521,0
15590,0
27186,1
14632,1
4254,0
5298,0
25659,0
8058,0
4151,1
23110,0
27440,0
11496,0
27701,1
11370,0
4182,0
14405,0
14608,0
13111,0
27960,0
25992,0
16205,0
21702,1
23842,0
23477,1
22629,0
12308,0
22109,1
13189,0
3228,0
31273,1
22538,0
6592,0
9164,1
27628,0
19143,0
20356,0
9925,0
14473,0
26557,0
24292,0
16510,0
19900,0
492,0
1385,1
7164,1
8785,0
24248,0
23209,0
28274,0
3903,0
20261,0
12725,0
14433,0
5268,0
16111,0
8287,0
27609,0
28196,0
27733,1
15058,0
28129,0
32232,0
32322,1
24054,1
21694,0
24239,0
20982,1
22247,1
2458,0
16973,0
1196,0
25877,0
17263,1
24328,0
16979,0
31780,0
13047,0
20713,0
16423,0
13365,0
5661,0
9796,0
5631,0
8039,0
32129,0
20967,0
4867,1
26324,0
28984,0
25461,0
10603,0
513,0
7940,0
18364,1
14255,0
24360,0
6962,0
5102,1
32186,0
6099,1
21238,0
22431,0
32111,0
3914,0
16664,0
32228,0
30133,0
25503,0
23452,0
7100,0
32479,0
27093,1
22144,0
3570,1
7398,0
8899,0
16742,0
6792,0
20827,0
13421,1
1819,0
2724,0
3590,0
32423,0
8749,0
1127,0
1956,0
5371,0
8389,0
13274,1
14507,1
12132,0
21457,0
11694,0
6775,0
17273,0
6969,0
6093,1
27613,0
26390,0
29258,0
6682,0
5007,0
26781,0
10893,1
21892,0
26567,0
11818,0
22693,0
12161,0
9215,0
2000,0
10742,0
6086,1
19479,0
13172,1
11213,0
31092,0
27101,0
7926,0
14075,0
3718,0
25488,1
27820,0
18986,1
334,0
16856,1
25370,0
25445,1
17652,0
2668,0
15024,0
18856,0
3162,0
28203,0
31904,0
25911,0
8464,1
13299,1
4748,1
10318,0
5868,0
21429,0
29233,1
7810,0
2669,0
25508,0
272,0
354,0
7993,0
30872,1
18930,0
22260,0
10082,0
22998,1
13886,0
2571,1
28212,1
23614,0
20474,1
30286,0
31619,0
20719,0
25625,0
8086,0
13359,0
15550,0
24364,1
28182,0
4768,0
3000,1
17061,0
31763,0
2996,0
16989,0
24077,0
10812,0
4959,0
3209,0
20163,0
23146,0
9965,0
19818,0
6704,0
16446,0
32318,0
9442,1
28817,0
7780,0
25021,1
8543,0
28754,0
30257,1
1920,0
15988,0
21627,0
5609,1
4760,0
4645,0
7266,0
9545,0
856,0
23042,0
1766,0
10381,0
25025,0
26088,0
17947,0
27901,0
5368,0
23641,0
13691,1
11587,0
28298,0
19893,0
16967,0
356,0
17780,0
19617,0
1512,0
17182,1
7543,1
26406,0
30474,0
14705,0
19663,0
27536,0
5018,0
3383,0
8651,0
29759,0
27511,0
18159,1
14446,0
32133,0
8375,1
8714,1
9227,0
5409,0
31200,0
19444,0
24116,0
7337,0
3796,0
2678,0
1175,1
4949,0
31978,1
12433,0
26333,0
2989,0
22073,0
20849,0
17772,0
11196,0
25381,0
2005,0
30936,0
26199,0
23,0
10574,0
26974,0
22883,0
26862,1
1783,0
32023,0
5621,1
1450,1
13804,0
21105,1
13950,0
18411,0
4,0
28931,1
25945,0
26024,0
29615,0
27166,0
6155,0
19575,0
6248,0
10135,0
3104,0
10013,0
28242,0
30507,0
18895,1
17740,1
28800,0
3675,0
13130,0
9037,0
1719,0
9549,1
1786,1
8913,0
18321,0
3464,0
25362,0
19413,0
30823,1
17080,1
22497,0
5905,0
9558,0
18406,0
30039,0
27110,1
9176,1
11888,0
17213,0
1077,0
23150,0
31285,0
31312,0
14121,0
21821,0
1244,0
12726,0
29288,0
820,0
3434,0
25901,0
15474,0
27456,0
13761,0
5584,0
24261,0
8319,0
27168,0
1687,0
18082,0
21993,0
4611,0
26362,0
7553,1
13257,0
7214,0
25396,0
4934,1
20219,0
4890,0
13187,0
25714,1
25985,1
15624,0
28696,0
23207,0
15425,0
1811,0
27597,0
32114,0
17961,0
3336,0
31625,1
15480,0
723,0
31370,0
23381,0
27460,1
2879,0
31848,0
25641,0
5378,0
28782,0
31799,0
14749,0
27133,0
27096,0
15873,0
12085,0
3757,0
23139,0
15170,1
27272,1
3179,0
7260,0
23471,0
16431,1
29794,0
6577,1
20284,0
12533,1
13165,0
25928,1
13296,0
17779,0
18669,0
3571,0
5417,1
29913,1
8048,0
10483,0
27775,0
18819,0
7701,0
11181,0
20716,0
31939,1
130,0
19385,0
25989,0
16464,0
20914,0
19632,0
16316,0
13677,0
26514,1
19843,1
2440,0
17136,1
76,0
7864,1
12568,0
29669,0
13045,0
1290,1
18283,0
28636,0
5733,0
19827,0
8621,0
31028,0
21170,0
10907,0
8639,0
12437,0
18654,0
28359,0
1185,0
146,1
12,0
4186,1
15076,0
9128,1
23465,1
2737,0
14917,0
12621,0
26604,0
22153,0
4569,0
15219,0
3358,0
6389,0
9239,0
22918,0
17721,1
22328,0
26611,0
24217,0
527,0
13608,0
2663,0
19397,0
3729,0
10591,0
18647,0
30158,0
31963,0
6130,0
16032,1
21001,0
8730,0
12739,0
12590,0
18639,0
15867,0
11986,0
31329,1
1580,0
1769,0
17960,0
18958,0
14399,0
21400,0
4905,0
7125,0
26375,0
28663,0
8317,0
12154,0
18231,0
20977,0
17094,0
6679,0
10949,0
8475,0
23564,0
8380,1
27126,0
2194,0
12149,0
13919,0
23195,0
28751,0
30395,0
26202,0
21816,0
23760,0
24907,0
15297,0
6579,0
28550,0
18107,0
6374,0
21352,0
20589,0
29183,0
9013,0
24063,0
16874,0
5619,0
28305,1
17819,0
12850,1
20616,0
9634,0
19956,1
16129,0
199,0
23151,1
6712,0
15502,0
18297,0
6081,0
771,1
13392,0
2645,1
26675,0
20770,0
27011,0
26822,0
19037,0
26415,0
7629,1
5493,1
7580,0
29695,0
30500,0
28505,0
30372,0
17771,0
24191,0
20283,0
9716,0
29725,0
5498,0
22799,0
25374,1
21662,0
15909,1
844,0
24929,0
4633,0
8295,0
21742,0
32462,0
24434,0
23445,0
27793,0
4567,1
32021,0
4471,1
20233,0
29553,0
29409,0
4433,0
36,1
7813,0
25647,0
25473,0
23609,0
16715,1
29955,0
30088,0
23106,0
29152,0
11771,0
17618,0
31077,0
13492,0
11980,0
31458,0
21733,0
352,0
6430,1
11388,0
12842,0
3081,0
10297,0
31774,0
12990,1
20943,1
27278,0
9594,0
16895,0
18425,0
28352,0
6188,0
15183,0
9981,0
28606,1
6129,0
23289,0
9725,0
288,0
29444,0
12648,0
28581,0
230,0
4480,0
30812,0
9457,0
31368,0
18042,1
15464,0
17198,0
10529,0
14392,1
7094,0
13465,0
18962,0
22269,0
2778,0
312,1
18917,0
18565,0
6375,0
30879,1
29723,0
17896,0
16930,0
1689,0
18985,0
17501,1
1316,0
18078,0
2474,0
3308,0
19448,0
14366,1
19992,0
19550,0
2269,0
22338,0
9263,0
17462,0
14871,1
12931,0
25853,0
26186,0
9624,0
11039,0
11105,1
4865,0
23575,0
18090,1
9574,0
28660,0
8667,1
4474,0
2533,0
20298,1
10966,0
13161,0
13558,0
5635,0
15400,0
2216,1
28474,0
24401,0
9462,0
10412,0
11260,0
15610,0
7950,0
12139,0
5694,0
7664,0
10580,0
26028,1
31058,0
26517,0
31361,0
6392,0
11954,0
23199,0
18628,1
10768,0
18636,0
8572,0
10455,0
20273,0
22022,1
9493,1
31884,0
23881,0
2561,0
20458,1
30386,0
19944,0
23896,0
15018,0
29055,0
4227,0
8280,0
7090,0
2935,0
11535,0
24568,0
2356,1
12299,0
24278,1
31617,0
4457,0
28633,1
9388,0
16361,1
1669,0
13695,0
27134,0
7904,0
20107,1
1661,0
17515,1
8992,1
29563,0
3303,0
31627,1
1364,0
21430,0
27848,0
32019,0
12520,0
17581,0
11103,0
5576,0
4524,0
12361,0
4508,0
16681,0
14809,0
11151,0
29818,0
14177,0
2941,0
330,0
30827,0
17830,0
24854,0
11642,0
21263,0
9289,0
32176,0
7142,0
13287,0
3937,0
16484,0
3326,0
28269,0
5742,0
622,0
23194,0
8013,0
528,0
17204,1
14966,0
4923,1
13947,0
9331,0
7631,0
25478,0
19044,1
6094,0
25013,0
32237,0
23873,0
3051,0
4873,0
2813,0
7999,0
2498,0
30983,0
3877,0
28218,0
22877,0
26214,0
12137,0
19691,0
5068,0
15968,0
7936,0
31468,0
27657,0
3945,0
22460,0
27869,0
21897,0
26961,0
21088,0
10523,0
30374,0
16520,0
3563,0
6615,0
12859,0
1905,0
27878,0
24668,0
4673,0
5968,0
11238,1
24767,0
9311,0
8898,0
14988,0
25880,0
28728,1
23989,0
13713,0
7812,1
7131,0
19063,0
18229,0
29559,0
6603,0
15547,0
12120,0
30922,0
25489,0
17886,1
23628,0
24391,0
13343,0
28254,0
1487,0
21868,0
9310,0
26072,0
5451,0
30312,0
6989,0
29144,0
25429,0
26075,0
9229,0
7296,0
20438,0
5540,0
4886,0
12146,0
8026,0
28211,0
25394,0
21470,0
662,0
22369,1
2357,0
15250,0
15035,0
28114,0
23081,1
7190,1
11018,0
19791,0
1103,0
12127,0
471,0
15987,0
7583,1
7338,0
20296,0
18202,0
9334,0
19803,0
6722,0
891,0
6060,0
18767,0
14182,0
18048,1
14656,0
10071,0
11609,0
1063,0
22150,0
14357,0
13118,0
16777,0
28758,0
505,0
13887,0
13924,0
17190,0
10709,0
21929,0
23487,0
18041,0
11597,0
14178,0
18281,1
14214,0
4620,0
23497,0
22429,0
30671,0
21392,0
3008,0
8564,0
28634,1
11343,0
22698,0
27769,0
26796,0
20941,0
1463,0
5061,0
31108,0
20022,0
26133,0
12351,0
31674,0
17700,0
23255,0
20533,0
22189,0
32478,0
3666,0
8390,0
759,0
27802,0
11814,1
7817,0
5923,0
11240,0
29201,0
23759,0
4322,0
14810,0
13090,0
29093,1
9489,1
25089,0
17676,0
32004,0
1478,0
26052,0
6123,0
7303,0
23558,0
16430,0
2534,0
21906,0
5852,0
31607,0
15812,0
18566,0
22812,1
12097,0
6168,0
18617,0
6572,0
18976,1
16015,1
11290,0
4417,0
2399,0
541,0
14371,0
26469,0
32272,0
6025,0
28806,0
1458,0
3334,0
17318,0
31578,0
1151,0
8045,0
13120,0
15353,0
8326,0
15182,0
13506,0
13935,0
29410,0
20659,0
27317,0
29821,0
20800,0
864,0
18176,1
18993,0
7949,0
29346,0
2883,0
15718,1
29645,0
8713,0
587,1
15496,1
4256,0
28016,0
22968,0
12597,0
15805,0
4644,0
25835,0
29276,0
8270,0
12565,0
16947,0
32197,0
54,0
1923,1
6562,0
14863,0
17387,0
28207,0
6547,0
23924,0
24875,0
25103,0
23829,0
12500,0
10446,1
11028,0
18671,1
24090,0
409,1
6622,0
3857,0
362,0
12815,0
21449,0
739,0
7061,0
4099,1
30321,1
23088,0
3807,1
19334,0
3249,0
32185,0
6109,0
9893,0
24274,0
28522,0
26977,0
22006,1
15948,0
16694,0
32171,1
16103,0
2064,0
8882,0
28194,0
15735,0
2297,0
5083,0
22070,0
30011,0
4335,1
28063,0
14760,0
30453,0
26685,0
16882,1
31409,0
30163,1
20563,0
28168,0
15397,0
6074,1
28625,1
22995,0
29507,1
14394,0
4088,0
23990,0
25030,0
24341,0
21284,0
19570,0
10850,0
27407,0
14709,0
11578,1
13953,0
28933,0
14748,0
2674,0
1887,0
24755,1
22963,0
31158,0
7355,0
23054,0
3061,0
15524,0
5497,0
14440,0
10302,0
22565,0
26414,0
23453,0
4764,0
28131,0
21603,0
12141,0
1859,0
20213,1
30553,1
9069,0
23602,0
11667,0
15913,0
6870,0
25669,0
6273,0
15392,1
26497,0
24465,1
32290,0
4810,0
4045,0
21075,0
25221,0
7251,1
8122,1
30160,0
24159,0
1798,1
13586,0
3839,0
0,0
18343,0
842,0
19027,0
18574,0
12638,0
16640,1
20425,0
20919,0
25422,0
28691,0
28367,0
31982,0
29902,1
15902,0
25356,0
12887,0
29533,0
8828,0
13104,0
8727,0
22987,1
19664,1
17625,0
13541,0
24342,0
1091,0
16888,1
19238,0
10481,1
5095,0
7758,0
15029,0
1329,0
14899,0
17086,0
29708,0
18288,0
22926,0
28786,0
438,0
2718,0
18004,0
11602,1
25359,0
18735,1
16232,0
28148,0
1785,0
27978,0
7644,0
15049,0
15990,0
27339,0
1502,0
28321,1
19424,0
26995,0
11506,0
21210,1
5323,1
2140,1
25369,0
10746,1
3764,1
28557,1
4001,0
3854,0
8336,0
12103,0
29198,0
14426,0
26313,0
5737,0
13934,0
8166,0
3083,0
31462,1
28825,0
20301,1
25384,0
898,1
12201,0
17918,0
23737,0
19411,0
24438,1
14843,0
25474,0
31417,0
23238,0
18091,1
21656,0
4496,0
5211,1
151,0
9012,0
10601,0
7495,0
14364,0
9293,1
25213,0
30893,0
1279,0
2497,0
29886,0
10327,0
32331,0
22688,0
19501,0
4009,0
25282,0
20862,0
13391,1
14157,0
31025,0
27687,0
30652,0
13050,0
16849,0
22873,0
2145,0
2981,0
25519,0
25894,0
28536,0
7263,0
20731,0
22560,0
28855,0
19259,0
8549,0
30641,1
32439,0
28839,0
14273,0
26507,0
2662,1
9087,0
3079,0
25491,0
14826,0
4028,1
4349,0
18737,0
20001,0
13641,1
15635,0
14422,0
29870,0
13849,0
5150,0
2818,0
3690,0
13997,1
3190,0
16636,0
19557,1
11154,0
26527,0
28239,1
11256,1
6561,0
29456,0
20712,0
10210,0
28448,0
31389,1
18309,0
21329,0
30150,0
15673,0
8226,0
667,1
3293,0
14937,0
933,0
12797,0
14219,0
30265,0
30112,0
17415,0
18928,1
7367,0
12771,0
29958,1
26014,0
5835,0
20994,0
31204,0
28167,0
1996,0
885,0
14244,0
10653,0
18265,0
30,0
18277,0
18285,0
15759,0
16341,0
13493,1
29139,0
14397,0
28643,0
8240,0
7431,0
2020,1
28590,0
306,1
27147,0
12329,0
5247,1
2012,0
5521,0
11832,0
19770,0
28542,0
21848,0
23696,0
7691,0
29202,0
21729,0
29544,1
19381,0
8789,0
26850,0
141,0
24849,0
11276,0
27455,0
31256,1
11792,1
6831,0
28491,0
25929,1
25806,0
19318,0
30761,0
31717,0
14692,0
13666,0
20870,0
28128,0
401,1
25881,0
13327,0
6249,1
12200,0
31853,0
4208,0
8656,0
9608,0
6011,0
18046,0
4672,0
19938,0
28135,0
27578,1
21287,0
26043,0
6534,0
16436,0
22470,1
26618,0
32089,1
20605,1
22589,0
24022,0
18250,0
25029,0
8128,0
31953,1
7727,0
20595,0
28143,1
14675,0
11498,0
13675,0
22714,0
2157,0
31556,0
4025,0
32124,0
19086,0
15539,0
17967,0
27258,0
19721,0
16449,0
15431,0
21836,0
11291,0
29722,0
15199,0
30104,0
31346,0
7244,0
28615,0
19418,0
4336,1
21019,0
27817,0
20942,0
29199,1
23741,0
16309,0
5085,0
4115,1
1881,0
22345,0
15030,1
28253,0
9989,0
6279,0
25883,0
13625,1
7376,0
23245,1
30702,0
9251,0
7231,0
13155,1
26066,1
16745,0
23059,0
21107,1
3879,0
10898,0
30129,1
16569,0
23749,1
7645,0
24620,0
24857,0
15500,0
21364,0
17859,0
23974,0
4343,0
27149,0
7085,0
29463,0
1292,1
24696,0
4362,0
28712,0
5787,0
13746,0
19503,0
921,0
1007,0
23299,1
28585,0
6351,1
8902,1
6075,1
1339,1
27197,0
9869,0
2345,0
7204,1
25146,0
11297,0
6121,0
6815,0
18459,0
20875,0
25675,0
9708,0
19249,0
6456,0
366,0
28418,0
2793,0
10068,1
31221,0
28041,0
27621,0
27050,1
9623,0
28266,1
16389,1
23071,0
12189,0
4668,0
29379,0
27271,0
13086,0
28125,0
3612,0
32190,1
12750,1
16012,0
32131,0
16894,1
2976,0
23418,0
27553,1
31604,0
12986,1
28950,0
25020,0
3647,0
15434,0
17369,0
980,0
14179,0
18801,0
14521,0
8933,0
25158,1
10137,0
25202,0
28385,1
13917,0
4259,0
9767,0
12434,0
919,0
13132,0
20715,1
27620,0
6731,0
29692,0
8472,1
12082,0
22078,0
6590,0
2991,0
1761,0
30166,1
5841,0
11775,0
15740,0
11943,0
5944,0
12786,0
20379,0
22163,0
19059,0
23022,0
26334,1
14717,0
12945,0
8159,0
26723,0
12961,0
5186,1
21876,1
21693,1
23154,0
30835,0
1789,0
32529,0
14877,0
26134,1
16656,0
19909,0
113,0
12499,0
17291,0
13861,0
781,0
29322,0
31497,0
20624,1
2531,0
24127,0
2555,0
22878,0
22771,0
22894,0
16914,0
10032,1
27990,0
22694,0
25739,0
18866,0
17437,0
14866,0
24099,1
13458,0
22048,1
19486,1
14570,1
4300,0
24780,0
15613,1
6112,0
6174,0
11714,0
16262,0
30071,0
19123,0
25459,1
11903,0
23262,0
12050,0
494,0
17171,0
23473,0
4499,0
27794,1
8682,0
1825,0
3998,0
245,0
10536,0
23952,0
17301,0
1374,0
26208,0
21580,1
2235,0
19178,0
26990,1
7461,0
23561,0
10610,0
27509,0
10153,1
7620,0
6085,1
14625,0
9404,0
17553,0
13559,0
8029,0
20746,0
13540,0
4395,0
11382,0
26505,0
2667,0
15862,0
23785,0
24122,0
8127,0
2906,0
29103,0
21615,1
23553,0
4360,1
30094,1
11681,0
17881,0
8823,0
11928,0
6043,0
23128,0
19522,0
30050,0
30619,0
12209,0
7362,0
22005,1
5788,0
10753,0
18614,0
8361,0
9630,0
1226,0
29567,0
19244,0
19630,0
12181,0
21618,0
835,0
2132,0
10178,0
22755,1
8165,0
14085,0
2017,1
13745,1
19591,0
4699,1
18190,1
28905,0
12113,0
20676,0
14321,0
30246,0
1704,0
12173,1
23312,0
28478,0
16523,1
11858,0
10303,1
18410,0
18666,0
10759,0
20839,1
1935,0
29189,0
30800,0
25438,0
15804,0
27838,0
6851,0
22585,0
18799,0
18261,0
19917,0
29331,1
4608,0
32460,0
15200,0
18006,0
26,0
30511,0
24957,1
18882,0
13136,1
26114,0
25710,0
20017,1
4024,0
9306,0
9455,0
10579,0
6338,0
18787,0
10699,1
7160,1
19628,1
17717,1
19681,0
26884,1
5644,0
16845,0
30140,0
15764,0
19289,0
8808,0
22007,0
27487,0
20698,0
31878,1
20657,0
3084,0
23615,0
13030,0
3168,0
25726,0
27791,1
7687,0
2514,0
21424,0
1284,1
30091,0
23138,1
19409,0
17825,0
22263,1
21543,1
7052,0
7626,1
9848,1
28995,1
13716,0
16403,0
19732,1
5573,1
27649,1
30808,0
3405,1
18067,1
7096,0
2175,1
22265,0
6605,0
19358,0
203,0
8172,0
32141,0
26364,0
14192,0
8115,0
7816,1
8258,0
10963,0
9330,0
31881,0
19293,0
469,0
25210,0
13320,0
8171,0
18952,0
11158,0
1177,0
10590,0
26441,0
30388,0
9905,0
24443,0
1997,0
19186,0
7754,0
18836,0
30514,1
3959,0
18254,1
15301,0
8980,0
9003,0
2730,0
2002,0
26290,0
16693,0
27250,0
21959,0
21014,0
23469,0
5032,1
20051,0
6018,0
16723,0
17252,0
7711,0
15584,0
28629,0
6497,0
22436,1
2436,1
20928,0
3260,0
22519,0
26034,0
32425,0
2046,0
15840,1
26671,0
19443,0
5899,1
2162,0
20918,0
11768,0
11610,0
3597,0
21560,1
24536,0
7876,1
18535,0
29673,1
11844,0
5328,1
27987,0
5224,0
7519,0
1598,1
10143,0
29265,0
28490,0
29302,0
3421,0
16494,0
13470,0
27163,0
20260,0
14089,0
22185,0
6057,0
3195,0
13360,0
24818,0
15980,0
5304,0
29428,0
15672,0
13813,0
2289,0
28674,0
18516,0
9937,1
14502,0
1602,0
14565,0
25683,0
5131,1
6036,0
4814,0
22691,0
15879,0
10243,0
3546,1
5190,0
31996,1
19428,1
29222,0
29907,0
24446,0
17341,0
1485,0
12688,0
11682,0
6371,0
28637,0
8433,0
1870,0
23244,0
3403,0
14816,1
7753,0
5265,0
31453,0
26499,0
7991,0
13240,0
26625,0
9095,1
17613,1
1357,0
22725,0
24969,0
22863,0
6573,0
30855,1
2013,0
16945,0
1303,0
17504,0
3873,0
16258,0
4660,1
7194,0
2019,0
11662,0
21149,0
32174,0
20007,0
27477,0
18726,0
21463,0
3630,0
8857,0
22047,0
18611,0
13124,1
17989,1
24787,0
11497,1
20874,0
1578,0
4828,0
13656,0
8213,0
13389,0
14756,0
5821,1
7698,1
31002,1
29712,1
6517,0
8589,1
10502,1
23619,0
9312,0
17037,0
6647,0
3060,1
27954,0
8053,0
5374,0
10672,0
6998,0
21020,0
25452,0
13913,1
20466,0
22504,0
21231,0
28993,0
17696,0
9712,0
3795,0
30478,0
20685,0
2738,1
11630,0
24504,1
14626,0
24565,1
2518,0
30951,0
8520,1
27495,0
5060,0
7250,1
7669,0
31313,0
30534,0
7434,1
526,0
19124,0
1603,0
7389,0
23872,1
28169,0
3072,0
5793,0
27395,0
22958,1
27670,1
6767,0
15495,0
2009,0
16433,0
21858,0
21319,0
14400,0
21355,0
5008,0
28225,1
30031,0
687,0
23664,0
26874,0
15420,1
25454,0
2074,0
24609,0
27725,0
16542,1
11791,0
15356,0
30315,0
863,0
2595,0
19584,0
1990,0
13398,0
26405,0
28685,0
22426,0
22116,1
24111,0
16908,0
28820,0
29811,0
25181,0
29223,0
607,0
2268,0
13445,0
19147,0
18045,0
1321,0
24503,0
17824,0
12214,0
5940,0
19715,0
5030,0
22199,1
23789,0
15131,0
14896,0
29229,0
28831,1
3594,0
14983,1
12010,0
25346,0
4532,1
6939,1
9078,0
25906,0
8428,0
3771,0
21791,1
17176,1
12235,0
18262,0
7168,0
16370,1
28171,1
23714,0
9966,0
30123,0
1394,0
16665,0
17842,0
25303,0
22922,0
29807,0
9326,1
14146,0
32354,0
576,0
28007,1
29179,0
12340,0
10584,0
30690,0
13145,1
9195,0
11583,0
24793,0
18342,0
11889,0
29705,0
13982,0
23327,0
28176,0
27090,1
7137,0
25114,0
23807,0
26831,1
29721,0
25357,0
7238,0
1465,0
17660,0
20812,1
3440,0
11348,0
20309,0
23428,0
17292,0
520,0
16461,0
25573,0
11205,0
27131,0
23695,0
1765,0
16268,0
31899,0
7577,0
6981,0
10660,0
1773,0
237,0
2265,0
26704,0
31035,0
30254,1
12105,0
3143,0
9854,1
31883,0
575,0
20883,0
21887,0
1499,0
20494,0
677,1
30839,0
27457,0
32407,0
21612,0
3299,0
12968,0
23591,0
3835,0
9648,1
32128,0
23258,0
15802,0
26950,0
31932,0
7432,0
22173,0
27017,0
17711,0
3473,1
21780,1
15399,0
5816,1
29792,0
30950,0
17393,1
21401,0
22651,0
17466,0
1075,1
14758,1
18069,0
11914,0
7684,0
13749,0
20083,0
3041,0
31147,0
17805,0
7045,1
5718,1
1813,1
12215,0
1961,0
31792,1
3707,0
24777,0
27205,0
8421,0
26612,0
28106,1
18588,0
15559,0
21880,0
3089,0
5176,0
18953,0
14130,0
9762,0
5252,0
31446,0
6678,0
26027,0
11245,0
6835,0
15418,0
6924,0
8335,0
1182,0
6206,0
30093,1
32540,0
25914,0
313,0
28003,0
24678,0
25931,0
32087,1
22272,0
28756,0
11741,0
12720,1
23571,0
28404,0
21831,1
8628,0
24225,1
15887,0
32092,0
30994,0
31398,0
22746,0
28857,1
2048,0
6059,0
12110,1
13964,0
29684,0
3980,0
10918,0
24723,0
6053,0
11806,0
25733,0
589,0
31764,1
6388,0
12313,0
20404,0
10740,0
19794,1
17520,0
17051,0
14143,1
4483,0
22462,0
20490,0
880,0
30303,1
5593,0
7110,0
25345,0
31348,0
31906,1
14547,0
13639,0
27949,0
11434,0
12982,1
27370,0
20102,0
12043,0
7072,1
12912,0
4020,0
19373,0
8726,0
17541,0
19029,0
6245,0
5277,0
7304,0
31253,0
9995,0
13488,0
14093,0
4191,0
24650,0
17986,0
766,0
2163,0
14610,0
15780,0
19793,0
27330,0
9988,0
17850,0
8515,0
9792,0
24041,0
30402,1
28748,0
14708,0
29215,0
28292,1
31185,1
20395,0
21779,0
16525,0
12557,0
12372,1
25081,0
19528,0
31586,0
27651,1
19568,0
20933,0
967,0
27883,0
20816,0
27180,0
16087,1
26239,0
13883,0
6363,0
19925,0
30070,0
24133,0
18987,0
24547,0
27208,0
3280,0
27766,0
25135,0
22339,1
4912,0
25606,0
404,0
20543,0
4520,0
12616,0
27239,0
14458,0
6624,0
12984,0
31298,0
9992,1
7697,0
20638,0
17888,0
10009,0
14053,1
19499,0
5196,0
13679,1
22015,0
331,0
12535,0
11785,0
31637,1
2583,0
17513,0
15698,0
20651,0
16094,0
18641,0
1442,0
1843,0
11617,0
7350,0
21382,1
27037,0
31216,0
32015,0
27232,1
4042,0
15692,1
25190,0
14831,1
30535,0
6591,0
30022,0
20686,0
28105,0
7561,0
30384,0
10564,1
24586,0
20049,0
14835,0
6994,0
16318,0
30509,0
8975,1
21000,0
9066,0
7835,0
1950,0
24478,1
29751,0
19680,0
10614,0
21546,0
8404,0
22626,0
8810,0
28784,0
3924,1
18874,1
5016,0
28102,0
24745,0
1946,0
9999,0
17656,0
14252,0
11629,0
12502,0
28670,0
31940,0
3216,0
1423,0
22978,0
19734,0
17925,0
23362,0
15185,0
29744,0
19707,0
21131,0
3723,0
22192,1
15169,0
22850,0
27196,0
15528,0
10999,0
15071,1
1006,1
32500,0
16457,0
4426,1
20448,0
2762,0
25328,0
27350,0
14317,1
30196,0
30532,0
29518,0
16533,1
29583,0
24642,0
1716,0
26635,0
15197,0
3045,0
7761,0
11544,0
20618,0
24506,0
10034,1
30628,0
183,0
6680,0
23687,0
7677,0
7867,0
17509,0
16380,0
21776,0
24997,0
17786,0
29290,0
16392,0
18527,1
30605,0
17128,1
4282,0
8554,0
20881,0
3825,0
18495,0
26383,1
5547,0
21380,0
22490,0
10920,0
13153,0
15346,0
18842,0
23460,0
4287,0
15642,0
6893,0
8963,0
10235,0
5203,1
5162,0
12383,0
31868,0
216,0
32063,0
1938,0
8566,0
31539,0
562,0
22482,0
21843,0
31748,0
8562,0
1343,0
12096,0
26155,0
7501,1
12605,0
26286,1
2631,0
11857,0
25319,0
5810,0
987,0
28025,0
19593,0
18745,1
1925,0
19857,1
14962,0
13637,0
18170,1
4043,0
10693,0
17993,0
19690,0
19516,0
4619,0
8745,0
25897,0
2575,1
31336,0
10641,0
3628,0
9872,0
22224,1
2614,0
25959,0
6758,0
15109,0
31555,0
29267,0
24660,0
16315,1
31509,1
20119,0
25648,0
16779,1
32336,0
21406,0
9238,0
1947,0
1307,0
3878,1
13404,0
5335,1
26041,0
31701,1
25502,0
1869,0
20557,0
19975,1
16098,1
13174,0
8304,0
26365,1
150,0
22674,0
802,0
631,0
17724,1
13223,0
13838,0
8124,0
17286,0
21717,0
27334,0
1572,0
5614,0
5880,0
16729,1
16946,0
18113,0
24311,0
2707,1
14334,0
28124,0
21145,1
13699,0
24896,1
15910,0
28260,0
26674,0
31290,0
10122,0
13372,0
14292,0
20364,0
15663,0
13940,0
25204,0
22029,0
14064,0
28327,0
305,0
21859,1
26386,0
15379,0
19292,1
19477,0
3153,0
2276,1
3022,0
4649,0
8718,1
26788,0
2070,0
16332,0
15466,0
30267,0
7828,0
20410,0
21078,0
23797,0
10047,0
16493,0
7856,0
25008,0
23973,0
6368,0
6240,0
9646,1
19332,0
7058,0
11027,0
20161,1
1666,0
28928,1
24802,0
1797,0
22681,1
6253,0
16760,0
21655,1
22453,0
1895,0
26310,0
14423,0
15738,1
10635,0
11509,0
30587,1
17685,0
12971,0
27005,0
4928,0
3223,0
28813,0
5145,0
8732,0
10350,1
3526,0
1432,0
5714,0
23666,0
2301,0
22814,0
16749,0
10180,1
1922,0
2863,0
22900,1
4652,0
17746,0
24482,0
28059,0
1025,1
11425,0
3995,0
15520,0
14619,0
8816,1
22759,1
11796,0
26102,0
2980,0
22083,1
10550,1
28613,0
18461,0
1788,0
16011,0
4572,0
26067,0
4665,0
21794,0
8299,0
31099,1
6970,0
32113,0
16238,0
24061,0
29187,1
21785,0
4422,0
21902,0
11409,0
22136,0
28678,1
621,0
9283,0
31561,1
1080,0
6885,0
18165,0
29395,0
14928,0
8259,0
19884,0
18934,0
12492,0
31020,0
7111,0
15998,0
3969,0
19792,0
8578,0
13852,0
10402,0
31731,0
5724,0
24150,1
11143,0
7929,0
20690,0
29115,0
25487,1
18686,0
17601,0
8149,0
31735,0
24321,0
13440,1
13580,0
20035,1
26298,0
12358,0
4824,0
16678,0
450,0
11575,1
20732,0
29296,0
17009,0
26762,1
25779,1
8408,1
23192,1
14098,0
29099,1
14227,0
4327,0
32168,0
19999,0
15899,1
10980,0
16683,1
4614,0
11541,0
1274,1
10750,0
3315,0
28937,0
19751,0
22121,1
14933,0
18503,0
21094,0
26628,1
20295,0
2703,0
26165,0
19929,0
2537,0
5805,0
14325,0
9470,0
15850,1
13568,1
25598,1
20496,0
31276,0
1268,0
8362,0
4431,0
8720,0
18945,0
18608,0
29308,0
15077,0
22996,0
10712,0
19295,1
23860,0
18311,0
12023,1
25532,0
15514,0
12297,0
178,0
15978,1
3479,0
14774,0
7778,1
15580,1
19301,0
18642,0
21272,0
887,1
9107,1
25186,0
26117,0
16453,0
31805,0
31380,0
11734,0
24128,0
14139,0
26023,0
29337,1
32527,0
26966,0
32095,0
15003,0
22001,0
29159,0
274,0
10552,0
11296,0
11466,0
7784,0
31875,0
3378,0
18793,0
32312,0
28493,0
15836,1
22252,0
27861,0
24679,1
5911,0
31914,1
30581,0
18689,1
3288,0
9086,0
13434,0
28558,0
17174,0
28586,1
26462,0
19229,0
22708,0
774,0
14478,0
29241,1
24161,0
30658,0
13554,0
5778,0
4350,0
28078,0
1892,0
8757,0
7906,0
2596,0
16178,0
10184,1
6015,0
29214,0
7419,0
27601,0
22767,0
21060,0
18256,0
179,0
29520,0
29130,0
25622,0
16345,0
12072,0
16566,0
9927,0
15827,0
28716,0
19968,1
8692,1
6336,0
30107,0
30285,0
28873,0
6846,0
22961,0
28163,0
19434,0
10763,0
383,0
25450,0
8679,0
6635,1
20900,0
25259,0
5053,0
6639,0
30743,0
12516,0
28261,0
19754,0
3685,0
10870,1
1280,0
30294,0
26163,1
10645,0
17249,1
20257,0
18032,0
13631,1
345,0
4031,0
16550,0
11880,1
20381,0
32101,1
11040,0
27998,1
21428,1
17778,0
21891,0
7574,0
7978,0
2305,0
698,0
13186,0
14435,1
12249,0
22441,0
3512,0
13144,0
16288,1
4455,0
2644,0
16799,1
21072,0
14043,0
7420,1
20998,0
17335,0
20822,0
2008,0
31806,0
27771,0
23944,1
7747,0
15096,0
25385,0
25238,0
29747,0
20292,0
10276,0
25745,0
25765,1
16719,0
14772,0
840,0
18175,0
9876,0
13128,0
11049,0
4713,0
3529,0
1115,0
16531,1
20588,0
9132,0
31176,0
2112,1
10247,0
6381,0
